experiment_name,run_id,transport_mode,support,precision,recall,f1,accuracy
Magnetometer Feature Experiment,3e1f84dfa25844b598922b777b282872,bus,7659,0.7726905467277134,0.749183966575271,0.7607557176002652,0.8192776057791538
Magnetometer Feature Experiment,3e1f84dfa25844b598922b777b282872,car,9894,0.8520174598104971,0.8088740650899535,0.8298854150464043,0.8192776057791538
Magnetometer Feature Experiment,3e1f84dfa25844b598922b777b282872,train,6672,0.824466648663246,0.915167865707434,0.8674527631765876,0.8192776057791538
Magnetometer Feature Experiment,233ad3dd1d0046c1ab3a6a060fb49855,bus,3816,0.7775541016607952,0.809748427672956,0.7933247753530167,0.8412711583139728
Magnetometer Feature Experiment,233ad3dd1d0046c1ab3a6a060fb49855,car,4918,0.8889383485421767,0.8121187474583164,0.8487939645096164,0.8412711583139728
Magnetometer Feature Experiment,233ad3dd1d0046c1ab3a6a060fb49855,train,3318,0.8521617852161785,0.9207353827606992,0.8851224105461394,0.8412711583139728
Magnetometer Feature Experiment,0cc5e50cd1f746ccb081a4db0cf02fe9,bus,2535,0.774765003615329,0.8453648915187377,0.8085266930767779,0.8516387290467851
Magnetometer Feature Experiment,0cc5e50cd1f746ccb081a4db0cf02fe9,car,3261,0.9123961218836565,0.808034345292855,0.8570499268173687,0.8516387290467851
Magnetometer Feature Experiment,0cc5e50cd1f746ccb081a4db0cf02fe9,train,2198,0.8675213675213675,0.9235668789808917,0.8946672542970472,0.8516387290467851
Magnetometer Feature Experiment,ee1da88a5e3145989281e9eead62679a,bus,1254,0.7968397291196389,0.8444976076555024,0.8199767711962834,0.8629789393554935
Magnetometer Feature Experiment,ee1da88a5e3145989281e9eead62679a,car,1604,0.9142072752230611,0.830423940149626,0.8703038222803006,0.8629789393554935
Magnetometer Feature Experiment,ee1da88a5e3145989281e9eead62679a,train,1083,0.8744588744588745,0.9325946445060018,0.902591599642538,0.8629789393554935
Magnetometer Feature Experiment,2d8f833b81b14009a3e958793b6f8e14,bus,7659,0.7896952104499274,0.7104060582321452,0.7479551859234311,0.8176676986584107
Magnetometer Feature Experiment,2d8f833b81b14009a3e958793b6f8e14,car,9894,0.8336016096579477,0.8374772589448151,0.8355349400020168,0.8176676986584107
Magnetometer Feature Experiment,2d8f833b81b14009a3e958793b6f8e14,train,6672,0.8223123732251522,0.9114208633093526,0.8645766687993176,0.8176676986584107
Magnetometer Feature Experiment,ad3ac57223484bc3a33394f6b3bd6477,bus,3816,0.8015350877192983,0.7662473794549266,0.7834941050375134,0.8438433455028211
Magnetometer Feature Experiment,ad3ac57223484bc3a33394f6b3bd6477,car,4918,0.8693928645941998,0.8472956486376576,0.8582020389249305,0.8438433455028211
Magnetometer Feature Experiment,ad3ac57223484bc3a33394f6b3bd6477,train,3318,0.8526723899196899,0.9279686558167571,0.8887285322557368,0.8438433455028211
Magnetometer Feature Experiment,f2478b9aa9f641d0b698c9c0ba521deb,bus,2535,0.7893723527146708,0.8086785009861933,0.798908807482463,0.8532649487115337
Magnetometer Feature Experiment,f2478b9aa9f641d0b698c9c0ba521deb,car,3261,0.8934076746474254,0.8353265869365225,0.863391442155309,0.8532649487115337
Magnetometer Feature Experiment,f2478b9aa9f641d0b698c9c0ba521deb,train,2198,0.8718057921635435,0.9313011828935396,0.9005719313682358,0.8532649487115337
Magnetometer Feature Experiment,e821edccef3648d1be52848dd413f007,bus,1254,0.8104477611940298,0.8660287081339713,0.8373168851195065,0.8787109870591221
Magnetometer Feature Experiment,e821edccef3648d1be52848dd413f007,car,1604,0.9255464480874317,0.8447630922693267,0.8833116036505867,0.8787109870591221
Magnetometer Feature Experiment,e821edccef3648d1be52848dd413f007,train,1083,0.8988566402814424,0.9436749769159741,0.9207207207207208,0.8787109870591221
Magnetometer Feature Experiment,2d92d608d38c48c1a8bf305cc662f233,bus,7659,0.7881368374688005,0.7008747878313095,0.7419488597097443,0.8163467492260061
Magnetometer Feature Experiment,2d92d608d38c48c1a8bf305cc662f233,car,9894,0.8296938877255958,0.8410147564180311,0.835315966470913,0.8163467492260061
Magnetometer Feature Experiment,2d92d608d38c48c1a8bf305cc662f233,train,6672,0.8242383209207854,0.9123201438848921,0.8660453866401081,0.8163467492260061
Magnetometer Feature Experiment,f9b93f4e59304f079520d486c37e592e,bus,3816,0.8027095681625741,0.7452830188679245,0.7729311047696698,0.8392797875871225
Magnetometer Feature Experiment,f9b93f4e59304f079520d486c37e592e,car,4918,0.8586398191904664,0.8497356649044326,0.854164537557486,0.8392797875871225
Magnetometer Feature Experiment,f9b93f4e59304f079520d486c37e592e,train,3318,0.8489840746842394,0.9318866787221217,0.8885057471264368,0.8392797875871225
Magnetometer Feature Experiment,64a1b85b15c64a84b7f7c1bbdefcc828,bus,2535,0.7976947535771065,0.7917159763313609,0.7946941199762423,0.8521391043282461
Magnetometer Feature Experiment,64a1b85b15c64a84b7f7c1bbdefcc828,car,3261,0.88416,0.8472861085556578,0.865330410272471,0.8521391043282461
Magnetometer Feature Experiment,64a1b85b15c64a84b7f7c1bbdefcc828,train,2198,0.8678283042923927,0.9290263876251137,0.8973851900681169,0.8521391043282461
Magnetometer Feature Experiment,0c8015ecc7d541cf95db0b40c7a581e7,bus,1254,0.8292873923257635,0.8444976076555024,0.836823389964441,0.8792184724689165
Magnetometer Feature Experiment,0c8015ecc7d541cf95db0b40c7a581e7,car,1604,0.9151756129887343,0.8609725685785536,0.8872470285897848,0.8792184724689165
Magnetometer Feature Experiment,0c8015ecc7d541cf95db0b40c7a581e7,train,1083,0.8874458874458875,0.9464450600184672,0.9159964253798034,0.8792184724689165
